
  <link name="base">

    <!-- Offset the base by half the lenght of the cylinder -->
  <pose>0 0 0.079335 0 0 0</pose>
  <sensor type="ray" name="sensor">

  <!-- Position the ray sensor based on the specification. Also rotate
       it by 90 degrees around the X-axis so that the <horizontal> rays
       become vertical -->
  <pose>0 0 0.04645  0 -1.5707  0</pose>

  <!-- Enable visualization to see the rays in the GUI -->
    <visualize>true</visualize>

            <!-- Set the update rate of the sensor -->
            <update_rate>30</update_rate>
            <ray>
            <noise>
                <!-- Use gaussian noise -->
                <type>gaussian</type>
                <mean>0.5</mean>
                <stddev>0.1</stddev>
              </noise>


            <!-- The scan element contains the horizontal and vertical beams.
                We are leaving out the vertical beams for this tutorial. -->
            <scan>

              <!-- The horizontal beams -->
              <horizontal>
                <!-- The velodyne has 32 beams(samples) -->
                <samples>32</samples>

                <!-- Resolution is multiplied by samples to determine number of
                    simulated beams vs interpolated beams. See:
                    http://sdformat.org/spec?ver=1.6&elem=sensor#horizontal_resolution
                    -->
                <resolution>1</resolution>

                <!-- Minimum angle in radians -->
                <min_angle>-0.013529248</min_angle>

                <!-- Maximum angle in radians -->
                <max_angle>0.018622663</max_angle>
              </horizontal>
            </scan>

            <!-- Range defines characteristics of an individual beam -->
            <range>

              <!-- Minimum distance of the beam -->
              <min>0.05</min>

              <!-- Maximum distance of the beam -->
              <max>10</max>

              <!-- Linear resolution of the beam -->
              <resolution>0.02</resolution>
            </range>
          </ray>
          </sensor>

              <inertial>
                <mass>1.2</mass>
                <inertia>
                  <ixx>0.001087473</ixx>
                  <iyy>0.001087473</iyy>
                  <izz>0.001092437</izz>
                  <ixy>0</ixy>
                  <ixz>0</ixz>
                  <iyz>0</iyz>
                </inertia>
              </inertial>
              <collision name="base_collision">
                <geometry>
                  <cylinder>
                    <!-- Radius and length provided by Velodyne -->
                    <radius>.04267</radius>
                    <length>.0005867</length>
                  </cylinder>
                </geometry>
              </collision>

              <!-- The visual is mostly a copy of the collision -->
              <visual name="base_visual">
                <geometry>
                  <cylinder>
                    <radius>.004267</radius>
                    <length>.0005867</length>
                  </cylinder>
                </geometry>
              </visual>
            </link>

        <joint name="base_joint" type="fixed">
        <child>base</child>
        <parent>frame</parent>
    </joint>
    <plugin name='ve_plugin' filename='libvelodyne_plugin.so'>
      <robotNamespace></robotNamespace>
      <linkName>base</linkName>
    </plugin>
